"LOCATION","INDICATOR","SUBJECT","MEASURE","FREQUENCY","TIME","Value","Flag Codes"
"AUS","AQUAPROD","TOT","USD","A","2000",253729466,
"AUS","AQUAPROD","TOT","USD","A","2001",255158653,
"AUS","AQUAPROD","TOT","USD","A","2002",262864370,
"AUS","AQUAPROD","TOT","USD","A","2003",284096105,
"AUS","AQUAPROD","TOT","USD","A","2004",375821910,
"AUS","AQUAPROD","TOT","USD","A","2005",351835462,
"AUS","AQUAPROD","TOT","USD","A","2006",435937172,
"AUS","AQUAPROD","TOT","USD","A","2007",550348253,
"AUS","AQUAPROD","TOT","USD","A","2008",597747114,
"AUS","AQUAPROD","TOT","USD","A","2009",622509716,
"AUS","AQUAPROD","TOT","USD","A","2010",726172130,
"AUS","AQUAPROD","TOT","USD","A","2011",852699409,
"AUS","AQUAPROD","TOT","USD","A","2012",969132342,
"AUS","AQUAPROD","TOT","USD","A","2013",941627189,
"AUS","AQUAPROD","TOT","USD","A","2014",714528621,
"AUS","AQUAPROD","TOT","USD","A","2015",667973688,
"AUS","AQUAPROD","TOT","USD","A","2016",753852106,
"AUS","AQUAPROD","TOT","USD","A","2017",822430766,
"AUS","AQUAPROD","TOT","USD","A","2018",930586713,
"AUS","AQUAPROD","TOT","USD","A","2019",883319525,
"AUS","AQUAPROD","TOT","USD","A","2020",971379052,
"AUS","AQUAPROD","TOT","USD","A","2021",1266956510,
"AUT","AQUAPROD","TOT","USD","A","2000",11960535,
"AUT","AQUAPROD","TOT","USD","A","2001",10960850,
"AUT","AQUAPROD","TOT","USD","A","2002",10837300,
"AUT","AQUAPROD","TOT","USD","A","2003",10339110,
"AUT","AQUAPROD","TOT","USD","A","2004",10168700,
"AUT","AQUAPROD","TOT","USD","A","2005",10913800,
"AUT","AQUAPROD","TOT","USD","A","2006",15698700,
"AUT","AQUAPROD","TOT","USD","A","2007",15956500,
"AUT","AQUAPROD","TOT","USD","A","2008",18740000,
"AUT","AQUAPROD","TOT","USD","A","2009",19357000,
"AUT","AQUAPROD","TOT","USD","A","2010",26985900,
"AUT","AQUAPROD","TOT","USD","A","2011",23528248,
"AUT","AQUAPROD","TOT","USD","A","2012",23002084,
"AUT","AQUAPROD","TOT","USD","A","2013",24499793,
"AUT","AQUAPROD","TOT","USD","A","2014",26797880,
"AUT","AQUAPROD","TOT","USD","A","2015",22436991,
"AUT","AQUAPROD","TOT","USD","A","2016",24874794,
"AUT","AQUAPROD","TOT","USD","A","2017",28616236,
"AUT","AQUAPROD","TOT","USD","A","2018",31225136,
"AUT","AQUAPROD","TOT","USD","A","2019",33320875,
"AUT","AQUAPROD","TOT","USD","A","2020",35034592,
"AUT","AQUAPROD","TOT","USD","A","2021",40581521,"E"
"BEL","AQUAPROD","TOT","USD","A","2000",6140500,
"BEL","AQUAPROD","TOT","USD","A","2001",6017500,
"BEL","AQUAPROD","TOT","USD","A","2002",5455500,
"BEL","AQUAPROD","TOT","USD","A","2003",3728000,"E"
"BEL","AQUAPROD","TOT","USD","A","2004",2159500,"E"
"BEL","AQUAPROD","TOT","USD","A","2005",1309500,"E"
"BEL","AQUAPROD","TOT","USD","A","2006",736649,
"BEL","AQUAPROD","TOT","USD","A","2007",784834,
"BEL","AQUAPROD","TOT","USD","A","2008",981683,"E"
"BEL","AQUAPROD","TOT","USD","A","2009",3786738,"E"
"BEL","AQUAPROD","TOT","USD","A","2010",4452656,"E"
"BEL","AQUAPROD","TOT","USD","A","2011",646200,
"BEL","AQUAPROD","TOT","USD","A","2012",2811503,"E"
"BEL","AQUAPROD","TOT","USD","A","2013",1339845,"E"
"BEL","AQUAPROD","TOT","USD","A","2014",1351736,
"BEL","AQUAPROD","TOT","USD","A","2015",599137,"E"
"BEL","AQUAPROD","TOT","USD","A","2016",487037,"E"
"BEL","AQUAPROD","TOT","USD","A","2017",774396,
"BEL","AQUAPROD","TOT","USD","A","2018",993632,
"BEL","AQUAPROD","TOT","USD","A","2019",602680,
"BEL","AQUAPROD","TOT","USD","A","2020",1592256,
"BEL","AQUAPROD","TOT","USD","A","2021",1711745,
"CAN","AQUAPROD","TOT","USD","A","2000",391730024,
"CAN","AQUAPROD","TOT","USD","A","2001",470021593,
"CAN","AQUAPROD","TOT","USD","A","2002",396525016,
"CAN","AQUAPROD","TOT","USD","A","2003",397286468,
"CAN","AQUAPROD","TOT","USD","A","2004",398907050,
"CAN","AQUAPROD","TOT","USD","A","2005",583889139,
"CAN","AQUAPROD","TOT","USD","A","2006",797615916,
"CAN","AQUAPROD","TOT","USD","A","2007",703915944,
"CAN","AQUAPROD","TOT","USD","A","2008",750477116,
"CAN","AQUAPROD","TOT","USD","A","2009",702840965,
"CAN","AQUAPROD","TOT","USD","A","2010",892870462,
"CAN","AQUAPROD","TOT","USD","A","2011",846689851,
"CAN","AQUAPROD","TOT","USD","A","2012",866081794,
"CAN","AQUAPROD","TOT","USD","A","2013",921902631,
"CAN","AQUAPROD","TOT","USD","A","2014",685914498,
"CAN","AQUAPROD","TOT","USD","A","2015",756513201,
"CAN","AQUAPROD","TOT","USD","A","2016",1017431036,
"CAN","AQUAPROD","TOT","USD","A","2017",1074138397,
"CAN","AQUAPROD","TOT","USD","A","2018",1091770992,
"CAN","AQUAPROD","TOT","USD","A","2019",929122147,
"CAN","AQUAPROD","TOT","USD","A","2020",780941531,
"CAN","AQUAPROD","TOT","USD","A","2021",1073745722,
"CZE","AQUAPROD","TOT","USD","A","2000",48871650,
"CZE","AQUAPROD","TOT","USD","A","2001",50512500,
"CZE","AQUAPROD","TOT","USD","A","2002",33387596,
"CZE","AQUAPROD","TOT","USD","A","2003",39050475,
"CZE","AQUAPROD","TOT","USD","A","2004",39333596,
"CZE","AQUAPROD","TOT","USD","A","2005",43911824,
"CZE","AQUAPROD","TOT","USD","A","2006",44593401,
"CZE","AQUAPROD","TOT","USD","A","2007",49724625,
"CZE","AQUAPROD","TOT","USD","A","2008",61093717,
"CZE","AQUAPROD","TOT","USD","A","2009",55037670,
"CZE","AQUAPROD","TOT","USD","A","2010",53483157,
"CZE","AQUAPROD","TOT","USD","A","2011",61680512,
"CZE","AQUAPROD","TOT","USD","A","2012",53591539,
"CZE","AQUAPROD","TOT","USD","A","2013",49565705,
"CZE","AQUAPROD","TOT","USD","A","2014",50087982,
"CZE","AQUAPROD","TOT","USD","A","2015",42134086,
"CZE","AQUAPROD","TOT","USD","A","2016",44014388,
"CZE","AQUAPROD","TOT","USD","A","2017",48892840,
"CZE","AQUAPROD","TOT","USD","A","2018",53758131,
"CZE","AQUAPROD","TOT","USD","A","2019",46851424,
"CZE","AQUAPROD","TOT","USD","A","2020",45289909,
"CZE","AQUAPROD","TOT","USD","A","2021",50738423,
"DNK","AQUAPROD","TOT","USD","A","2000",146871000,
"DNK","AQUAPROD","TOT","USD","A","2001",149610300,
"DNK","AQUAPROD","TOT","USD","A","2002",112309900,
"DNK","AQUAPROD","TOT","USD","A","2003",104074159,
"DNK","AQUAPROD","TOT","USD","A","2004",131419389,
"DNK","AQUAPROD","TOT","USD","A","2005",122764727,
"DNK","AQUAPROD","TOT","USD","A","2006",130501090,
"DNK","AQUAPROD","TOT","USD","A","2007",108452636,
"DNK","AQUAPROD","TOT","USD","A","2008",128776797,
"DNK","AQUAPROD","TOT","USD","A","2009",123208130,
"DNK","AQUAPROD","TOT","USD","A","2010",133078269,"E"
"DNK","AQUAPROD","TOT","USD","A","2011",148304728,"E"
"DNK","AQUAPROD","TOT","USD","A","2012",117006302,
"DNK","AQUAPROD","TOT","USD","A","2013",145370981,"E"
"DNK","AQUAPROD","TOT","USD","A","2014",137438322,"E"
"DNK","AQUAPROD","TOT","USD","A","2015",130629534,
"DNK","AQUAPROD","TOT","USD","A","2016",136436913,"E"
"DNK","AQUAPROD","TOT","USD","A","2017",142432028,"E"
"DNK","AQUAPROD","TOT","USD","A","2018",138936390,"E"
"DNK","AQUAPROD","TOT","USD","A","2019",144541932,
"DNK","AQUAPROD","TOT","USD","A","2020",153721540,
"DNK","AQUAPROD","TOT","USD","A","2021",153674286,
"FIN","AQUAPROD","TOT","USD","A","2000",57897737,
"FIN","AQUAPROD","TOT","USD","A","2001",39721741,
"FIN","AQUAPROD","TOT","USD","A","2002",37186824,
"FIN","AQUAPROD","TOT","USD","A","2003",43533918,
"FIN","AQUAPROD","TOT","USD","A","2004",50640743,
"FIN","AQUAPROD","TOT","USD","A","2005",50780455,
"FIN","AQUAPROD","TOT","USD","A","2006",52499851,
"FIN","AQUAPROD","TOT","USD","A","2007",53194282,
"FIN","AQUAPROD","TOT","USD","A","2008",54746490,
"FIN","AQUAPROD","TOT","USD","A","2009",56096197,
"FIN","AQUAPROD","TOT","USD","A","2010",55148528,
"FIN","AQUAPROD","TOT","USD","A","2011",60000495,
"FIN","AQUAPROD","TOT","USD","A","2012",49209256,
"FIN","AQUAPROD","TOT","USD","A","2013",64758584,
"FIN","AQUAPROD","TOT","USD","A","2014",66265154,
"FIN","AQUAPROD","TOT","USD","A","2015",54766366,
"FIN","AQUAPROD","TOT","USD","A","2016",69375556,
"FIN","AQUAPROD","TOT","USD","A","2017",81366160,
"FIN","AQUAPROD","TOT","USD","A","2018",76726761,
"FIN","AQUAPROD","TOT","USD","A","2019",69998573,
"FIN","AQUAPROD","TOT","USD","A","2020",66290232,
"FIN","AQUAPROD","TOT","USD","A","2021",77767799,
"FRA","AQUAPROD","TOT","USD","A","2000",424867503,
"FRA","AQUAPROD","TOT","USD","A","2001",455170701,
"FRA","AQUAPROD","TOT","USD","A","2002",500352108,
"FRA","AQUAPROD","TOT","USD","A","2003",579838481,
"FRA","AQUAPROD","TOT","USD","A","2004",657396965,
"FRA","AQUAPROD","TOT","USD","A","2005",672785782,
"FRA","AQUAPROD","TOT","USD","A","2006",651410968,
"FRA","AQUAPROD","TOT","USD","A","2007",754051698,
"FRA","AQUAPROD","TOT","USD","A","2008",1016885333,
"FRA","AQUAPROD","TOT","USD","A","2009",960067953,
"FRA","AQUAPROD","TOT","USD","A","2010",884983879,
"FRA","AQUAPROD","TOT","USD","A","2011",959929740,
"FRA","AQUAPROD","TOT","USD","A","2012",901339526,
"FRA","AQUAPROD","TOT","USD","A","2013",920706578,
"FRA","AQUAPROD","TOT","USD","A","2014",833307217,
"FRA","AQUAPROD","TOT","USD","A","2015",687577322,
"FRA","AQUAPROD","TOT","USD","A","2016",797725815,
"FRA","AQUAPROD","TOT","USD","A","2017",865242323,
"FRA","AQUAPROD","TOT","USD","A","2018",812876687,
"FRA","AQUAPROD","TOT","USD","A","2019",857943000,
"FRA","AQUAPROD","TOT","USD","A","2020",825028147,
"FRA","AQUAPROD","TOT","USD","A","2021",889725849,
"DEU","AQUAPROD","TOT","USD","A","2000",126637602,
"DEU","AQUAPROD","TOT","USD","A","2001",139723243,
"DEU","AQUAPROD","TOT","USD","A","2002",195443674,
"DEU","AQUAPROD","TOT","USD","A","2003",161376314,
"DEU","AQUAPROD","TOT","USD","A","2004",171350644,
"DEU","AQUAPROD","TOT","USD","A","2005",158188663,
"DEU","AQUAPROD","TOT","USD","A","2006",155443940,
"DEU","AQUAPROD","TOT","USD","A","2007",191126287,
"DEU","AQUAPROD","TOT","USD","A","2008",142683944,
"DEU","AQUAPROD","TOT","USD","A","2009",127603513,
"DEU","AQUAPROD","TOT","USD","A","2010",125485227,
"DEU","AQUAPROD","TOT","USD","A","2011",119673454,
"DEU","AQUAPROD","TOT","USD","A","2012",94607007,
"DEU","AQUAPROD","TOT","USD","A","2013",103444220,
"DEU","AQUAPROD","TOT","USD","A","2014",112928533,
"DEU","AQUAPROD","TOT","USD","A","2015",88958690,
"DEU","AQUAPROD","TOT","USD","A","2016",109796758,
"DEU","AQUAPROD","TOT","USD","A","2017",118780848,
"DEU","AQUAPROD","TOT","USD","A","2018",136812836,
"DEU","AQUAPROD","TOT","USD","A","2019",138748423,
"DEU","AQUAPROD","TOT","USD","A","2020",125067708,
"DEU","AQUAPROD","TOT","USD","A","2021",137926099,
"GRC","AQUAPROD","TOT","USD","A","2000",291317888,
"GRC","AQUAPROD","TOT","USD","A","2001",307420590,
"GRC","AQUAPROD","TOT","USD","A","2002",243891240,
"GRC","AQUAPROD","TOT","USD","A","2003",348181280,
"GRC","AQUAPROD","TOT","USD","A","2004",370175253,
"GRC","AQUAPROD","TOT","USD","A","2005",429248092,
"GRC","AQUAPROD","TOT","USD","A","2006",466288738,
"GRC","AQUAPROD","TOT","USD","A","2007",533774694,
"GRC","AQUAPROD","TOT","USD","A","2008",546416383,
"GRC","AQUAPROD","TOT","USD","A","2009",556216708,
"GRC","AQUAPROD","TOT","USD","A","2010",587256857,
"GRC","AQUAPROD","TOT","USD","A","2011",660237741,"E"
"GRC","AQUAPROD","TOT","USD","A","2012",573367896,
"GRC","AQUAPROD","TOT","USD","A","2013",578319913,
"GRC","AQUAPROD","TOT","USD","A","2014",590127309,
"GRC","AQUAPROD","TOT","USD","A","2015",527363789,
"GRC","AQUAPROD","TOT","USD","A","2016",582940521,
"GRC","AQUAPROD","TOT","USD","A","2017",615686241,
"GRC","AQUAPROD","TOT","USD","A","2018",635439201,
"GRC","AQUAPROD","TOT","USD","A","2019",572550775,
"GRC","AQUAPROD","TOT","USD","A","2020",632990002,
"GRC","AQUAPROD","TOT","USD","A","2021",774296643,
"HUN","AQUAPROD","TOT","USD","A","2000",21831815,
"HUN","AQUAPROD","TOT","USD","A","2001",22644094,
"HUN","AQUAPROD","TOT","USD","A","2002",25824037,
"HUN","AQUAPROD","TOT","USD","A","2003",32884383,
"HUN","AQUAPROD","TOT","USD","A","2004",29279873,
"HUN","AQUAPROD","TOT","USD","A","2005",32709417,
"HUN","AQUAPROD","TOT","USD","A","2006",32791069,
"HUN","AQUAPROD","TOT","USD","A","2007",40574887,
"HUN","AQUAPROD","TOT","USD","A","2008",45818225,
"HUN","AQUAPROD","TOT","USD","A","2009",37848796,
"HUN","AQUAPROD","TOT","USD","A","2010",37145308,
"HUN","AQUAPROD","TOT","USD","A","2011",41949367,
"HUN","AQUAPROD","TOT","USD","A","2012",39278793,
"HUN","AQUAPROD","TOT","USD","A","2013",34691544,
"HUN","AQUAPROD","TOT","USD","A","2014",39036431,
"HUN","AQUAPROD","TOT","USD","A","2015",33991006,
"HUN","AQUAPROD","TOT","USD","A","2016",34890051,
"HUN","AQUAPROD","TOT","USD","A","2017",43733564,
"HUN","AQUAPROD","TOT","USD","A","2018",45339215,
"HUN","AQUAPROD","TOT","USD","A","2019",40359752,
"HUN","AQUAPROD","TOT","USD","A","2020",40476443,
"HUN","AQUAPROD","TOT","USD","A","2021",45066090,
"ISL","AQUAPROD","TOT","USD","A","2000",15280900,
"ISL","AQUAPROD","TOT","USD","A","2001",17988700,
"ISL","AQUAPROD","TOT","USD","A","2002",16136800,
"ISL","AQUAPROD","TOT","USD","A","2003",26295900,
"ISL","AQUAPROD","TOT","USD","A","2004",42716000,
"ISL","AQUAPROD","TOT","USD","A","2005",34640000,
"ISL","AQUAPROD","TOT","USD","A","2006",38595500,
"ISL","AQUAPROD","TOT","USD","A","2007",25020000,
"ISL","AQUAPROD","TOT","USD","A","2008",30158300,"E"
"ISL","AQUAPROD","TOT","USD","A","2009",26620300,"E"
"ISL","AQUAPROD","TOT","USD","A","2010",27890300,"E"
"ISL","AQUAPROD","TOT","USD","A","2011",39774300,"E"
"ISL","AQUAPROD","TOT","USD","A","2012",45200500,"E"
"ISL","AQUAPROD","TOT","USD","A","2013",51163200,"E"
"ISL","AQUAPROD","TOT","USD","A","2014",61721400,"E"
"ISL","AQUAPROD","TOT","USD","A","2015",47710700,
"ISL","AQUAPROD","TOT","USD","A","2016",89555400,
"ISL","AQUAPROD","TOT","USD","A","2017",144842000,
"ISL","AQUAPROD","TOT","USD","A","2018",113975600,
"ISL","AQUAPROD","TOT","USD","A","2019",192381373,
"ISL","AQUAPROD","TOT","USD","A","2020",262692339,
"ISL","AQUAPROD","TOT","USD","A","2021",433241480,
"IRL","AQUAPROD","TOT","USD","A","2000",98370918,
"IRL","AQUAPROD","TOT","USD","A","2001",91597385,
"IRL","AQUAPROD","TOT","USD","A","2002",113185922,
"IRL","AQUAPROD","TOT","USD","A","2003",110890594,
"IRL","AQUAPROD","TOT","USD","A","2004",121342820,
"IRL","AQUAPROD","TOT","USD","A","2005",132214773,
"IRL","AQUAPROD","TOT","USD","A","2006",149094790,
"IRL","AQUAPROD","TOT","USD","A","2007",162028604,
"IRL","AQUAPROD","TOT","USD","A","2008",133971659,
"IRL","AQUAPROD","TOT","USD","A","2009",141163740,
"IRL","AQUAPROD","TOT","USD","A","2010",150044175,
"IRL","AQUAPROD","TOT","USD","A","2011",173679498,
"IRL","AQUAPROD","TOT","USD","A","2012",163562383,
"IRL","AQUAPROD","TOT","USD","A","2013",152281057,
"IRL","AQUAPROD","TOT","USD","A","2014",155321550,
"IRL","AQUAPROD","TOT","USD","A","2015",159225230,
"IRL","AQUAPROD","TOT","USD","A","2016",170978803,
"IRL","AQUAPROD","TOT","USD","A","2017",220100857,
"IRL","AQUAPROD","TOT","USD","A","2018",205656320,
"IRL","AQUAPROD","TOT","USD","A","2019",190500354,
"IRL","AQUAPROD","TOT","USD","A","2020",198132049,
"IRL","AQUAPROD","TOT","USD","A","2021",207364796,
"ITA","AQUAPROD","TOT","USD","A","2000",456509520,
"ITA","AQUAPROD","TOT","USD","A","2001",417398216,
"ITA","AQUAPROD","TOT","USD","A","2002",341182120,
"ITA","AQUAPROD","TOT","USD","A","2003",522286573,
"ITA","AQUAPROD","TOT","USD","A","2004",371193516,
"ITA","AQUAPROD","TOT","USD","A","2005",611567069,
"ITA","AQUAPROD","TOT","USD","A","2006",608915190,
"ITA","AQUAPROD","TOT","USD","A","2007",801183750,
"ITA","AQUAPROD","TOT","USD","A","2008",556484438,
"ITA","AQUAPROD","TOT","USD","A","2009",664011051,
"ITA","AQUAPROD","TOT","USD","A","2010",441626731,
"ITA","AQUAPROD","TOT","USD","A","2011",561073215,
"ITA","AQUAPROD","TOT","USD","A","2012",447188506,
"ITA","AQUAPROD","TOT","USD","A","2013",521859447,
"ITA","AQUAPROD","TOT","USD","A","2014",486218086,
"ITA","AQUAPROD","TOT","USD","A","2015",406381933,"E"
"ITA","AQUAPROD","TOT","USD","A","2016",446283111,"E"
"ITA","AQUAPROD","TOT","USD","A","2017",457521814,"E"
"ITA","AQUAPROD","TOT","USD","A","2018",547525118,
"ITA","AQUAPROD","TOT","USD","A","2019",495168242,"E"
"ITA","AQUAPROD","TOT","USD","A","2020",477535773,
"ITA","AQUAPROD","TOT","USD","A","2021",710385534,
"JPN","AQUAPROD","TOT","USD","A","2000",4976348233,
"JPN","AQUAPROD","TOT","USD","A","2001",4284898864,
"JPN","AQUAPROD","TOT","USD","A","2002",3950201423,
"JPN","AQUAPROD","TOT","USD","A","2003",4106983961,
"JPN","AQUAPROD","TOT","USD","A","2004",4308085244,
"JPN","AQUAPROD","TOT","USD","A","2005",4269730526,
"JPN","AQUAPROD","TOT","USD","A","2006",4133684261,
"JPN","AQUAPROD","TOT","USD","A","2007",4108431515,
"JPN","AQUAPROD","TOT","USD","A","2008",4450365628,
"JPN","AQUAPROD","TOT","USD","A","2009",4843610037,
"JPN","AQUAPROD","TOT","USD","A","2010",5328054837,
"JPN","AQUAPROD","TOT","USD","A","2011",5507214440,
"JPN","AQUAPROD","TOT","USD","A","2012",5812013916,
"JPN","AQUAPROD","TOT","USD","A","2013",4654454776,
"JPN","AQUAPROD","TOT","USD","A","2014",4700460565,
"JPN","AQUAPROD","TOT","USD","A","2015",4537231205,
"JPN","AQUAPROD","TOT","USD","A","2016",5322738323,
"JPN","AQUAPROD","TOT","USD","A","2017",5294542272,
"JPN","AQUAPROD","TOT","USD","A","2018",5296620463,"E"
"JPN","AQUAPROD","TOT","USD","A","2019",5158807391,"E"
"JPN","AQUAPROD","TOT","USD","A","2020",5368542823,"E"
"JPN","AQUAPROD","TOT","USD","A","2021",5230394850,"E"
"KOR","AQUAPROD","TOT","USD","A","2000",696301872,
"KOR","AQUAPROD","TOT","USD","A","2001",611939068,
"KOR","AQUAPROD","TOT","USD","A","2002",702837960,
"KOR","AQUAPROD","TOT","USD","A","2003",1058475281,
"KOR","AQUAPROD","TOT","USD","A","2004",1211741914,
"KOR","AQUAPROD","TOT","USD","A","2005",1457356338,
"KOR","AQUAPROD","TOT","USD","A","2006",1688250064,
"KOR","AQUAPROD","TOT","USD","A","2007",1909398868,
"KOR","AQUAPROD","TOT","USD","A","2008",1598344450,
"KOR","AQUAPROD","TOT","USD","A","2009",1612699204,
"KOR","AQUAPROD","TOT","USD","A","2010",1807569880,
"KOR","AQUAPROD","TOT","USD","A","2011",1897992003,
"KOR","AQUAPROD","TOT","USD","A","2012",1803766411,
"KOR","AQUAPROD","TOT","USD","A","2013",1864961539,
"KOR","AQUAPROD","TOT","USD","A","2014",2155276360,
"KOR","AQUAPROD","TOT","USD","A","2015",2159853467,
"KOR","AQUAPROD","TOT","USD","A","2016",2302602536,
"KOR","AQUAPROD","TOT","USD","A","2017",2924195009,
"KOR","AQUAPROD","TOT","USD","A","2018",3136119533,"E"
"KOR","AQUAPROD","TOT","USD","A","2019",2753417251,
"KOR","AQUAPROD","TOT","USD","A","2020",2779821512,
"KOR","AQUAPROD","TOT","USD","A","2021",3157880244,
"MEX","AQUAPROD","TOT","USD","A","2000",226221300,
"MEX","AQUAPROD","TOT","USD","A","2001",352940311,
"MEX","AQUAPROD","TOT","USD","A","2002",281918462,
"MEX","AQUAPROD","TOT","USD","A","2003",260061819,
"MEX","AQUAPROD","TOT","USD","A","2004",329920890,
"MEX","AQUAPROD","TOT","USD","A","2005",433686681,
"MEX","AQUAPROD","TOT","USD","A","2006",530124150,
"MEX","AQUAPROD","TOT","USD","A","2007",505739863,
"MEX","AQUAPROD","TOT","USD","A","2008",559112044,
"MEX","AQUAPROD","TOT","USD","A","2009",477567461,
"MEX","AQUAPROD","TOT","USD","A","2010",375130207,
"MEX","AQUAPROD","TOT","USD","A","2011",444136456,
"MEX","AQUAPROD","TOT","USD","A","2012",484707502,
"MEX","AQUAPROD","TOT","USD","A","2013",520029554,
"MEX","AQUAPROD","TOT","USD","A","2014",667388960,
"MEX","AQUAPROD","TOT","USD","A","2015",674370226,
"MEX","AQUAPROD","TOT","USD","A","2016",755512367,
"MEX","AQUAPROD","TOT","USD","A","2017",847428633,
"MEX","AQUAPROD","TOT","USD","A","2018",811567440,
"MEX","AQUAPROD","TOT","USD","A","2019",1047661242,
"MEX","AQUAPROD","TOT","USD","A","2020",1066316424,
"MEX","AQUAPROD","TOT","USD","A","2021",1082301258,
"NLD","AQUAPROD","TOT","USD","A","2000",106916940,
"NLD","AQUAPROD","TOT","USD","A","2001",110558380,
"NLD","AQUAPROD","TOT","USD","A","2002",89381489,
"NLD","AQUAPROD","TOT","USD","A","2003",119522775,
"NLD","AQUAPROD","TOT","USD","A","2004",125379261,
"NLD","AQUAPROD","TOT","USD","A","2005",124112374,
"NLD","AQUAPROD","TOT","USD","A","2006",126821132,
"NLD","AQUAPROD","TOT","USD","A","2007",155390160,
"NLD","AQUAPROD","TOT","USD","A","2008",145487600,"E"
"NLD","AQUAPROD","TOT","USD","A","2009",119874513,
"NLD","AQUAPROD","TOT","USD","A","2010",142982649,
"NLD","AQUAPROD","TOT","USD","A","2011",108239784,
"NLD","AQUAPROD","TOT","USD","A","2012",120305299,
"NLD","AQUAPROD","TOT","USD","A","2013",146857393,
"NLD","AQUAPROD","TOT","USD","A","2014",131146956,"E"
"NLD","AQUAPROD","TOT","USD","A","2015",118174218,"E"
"NLD","AQUAPROD","TOT","USD","A","2016",97656639,"E"
"NLD","AQUAPROD","TOT","USD","A","2017",112673498,"E"
"NLD","AQUAPROD","TOT","USD","A","2018",120175351,"E"
"NLD","AQUAPROD","TOT","USD","A","2019",95306911,"E"
"NLD","AQUAPROD","TOT","USD","A","2020",95389252,"E"
"NLD","AQUAPROD","TOT","USD","A","2021",103280904,"E"
"NZL","AQUAPROD","TOT","USD","A","2000",94628438,
"NZL","AQUAPROD","TOT","USD","A","2001",96422978,
"NZL","AQUAPROD","TOT","USD","A","2002",108388490,
"NZL","AQUAPROD","TOT","USD","A","2003",246801888,
"NZL","AQUAPROD","TOT","USD","A","2004",165929254,
"NZL","AQUAPROD","TOT","USD","A","2005",210166232,
"NZL","AQUAPROD","TOT","USD","A","2006",225518286,
"NZL","AQUAPROD","TOT","USD","A","2007",422668053,
"NZL","AQUAPROD","TOT","USD","A","2008",379502993,
"NZL","AQUAPROD","TOT","USD","A","2009",124296339,"E"
"NZL","AQUAPROD","TOT","USD","A","2010",331790428,"E"
"NZL","AQUAPROD","TOT","USD","A","2011",278443861,"E"
"NZL","AQUAPROD","TOT","USD","A","2012",372557360,"E"
"NZL","AQUAPROD","TOT","USD","A","2013",391305273,"E"
"NZL","AQUAPROD","TOT","USD","A","2014",545618663,"E"
"NZL","AQUAPROD","TOT","USD","A","2015",666545717,
"NZL","AQUAPROD","TOT","USD","A","2016",805882470,
"NZL","AQUAPROD","TOT","USD","A","2017",825222583,
"NZL","AQUAPROD","TOT","USD","A","2018",815051118,
"NZL","AQUAPROD","TOT","USD","A","2019",848666780,
"NZL","AQUAPROD","TOT","USD","A","2020",934022136,
"NZL","AQUAPROD","TOT","USD","A","2021",863754874,
"NOR","AQUAPROD","TOT","USD","A","2000",1384659496,
"NOR","AQUAPROD","TOT","USD","A","2001",1019881949,
"NOR","AQUAPROD","TOT","USD","A","2002",1164782957,
"NOR","AQUAPROD","TOT","USD","A","2003",1352152725,
"NOR","AQUAPROD","TOT","USD","A","2004",1681282823,
"NOR","AQUAPROD","TOT","USD","A","2005",2136348584,
"NOR","AQUAPROD","TOT","USD","A","2006",2749410073,
"NOR","AQUAPROD","TOT","USD","A","2007",2999195815,
"NOR","AQUAPROD","TOT","USD","A","2008",3138993934,
"NOR","AQUAPROD","TOT","USD","A","2009",3590060289,
"NOR","AQUAPROD","TOT","USD","A","2010",5080909796,
"NOR","AQUAPROD","TOT","USD","A","2011",5157222046,
"NOR","AQUAPROD","TOT","USD","A","2012",5163822996,
"NOR","AQUAPROD","TOT","USD","A","2013",6890555585,
"NOR","AQUAPROD","TOT","USD","A","2014",7035711628,
"NOR","AQUAPROD","TOT","USD","A","2015",5811465881,
"NOR","AQUAPROD","TOT","USD","A","2016",7623796915,
"NOR","AQUAPROD","TOT","USD","A","2017",7856984258,
"NOR","AQUAPROD","TOT","USD","A","2018",8342458992,
"NOR","AQUAPROD","TOT","USD","A","2019",8152186710,
"NOR","AQUAPROD","TOT","USD","A","2020",7300554076,
"NOR","AQUAPROD","TOT","USD","A","2021",9363849820,
"POL","AQUAPROD","TOT","USD","A","2000",66926727,
"POL","AQUAPROD","TOT","USD","A","2001",64222417,
"POL","AQUAPROD","TOT","USD","A","2002",60186529,
"POL","AQUAPROD","TOT","USD","A","2003",79173533,
"POL","AQUAPROD","TOT","USD","A","2004",79284993,
"POL","AQUAPROD","TOT","USD","A","2005",90878262,
"POL","AQUAPROD","TOT","USD","A","2006",93833995,
"POL","AQUAPROD","TOT","USD","A","2007",104967050,
"POL","AQUAPROD","TOT","USD","A","2008",107784403,
"POL","AQUAPROD","TOT","USD","A","2009",106520949,"E"
"POL","AQUAPROD","TOT","USD","A","2010",89510240,"E"
"POL","AQUAPROD","TOT","USD","A","2011",85659500,"E"
"POL","AQUAPROD","TOT","USD","A","2012",104502088,
"POL","AQUAPROD","TOT","USD","A","2013",111833337,
"POL","AQUAPROD","TOT","USD","A","2014",127690225,
"POL","AQUAPROD","TOT","USD","A","2015",111161934,"E"
"POL","AQUAPROD","TOT","USD","A","2016",119399960,"E"
"POL","AQUAPROD","TOT","USD","A","2017",123506966,"E"
"POL","AQUAPROD","TOT","USD","A","2018",151449529,"E"
"POL","AQUAPROD","TOT","USD","A","2019",172971350,"E"
"POL","AQUAPROD","TOT","USD","A","2020",188110790,"E"
"POL","AQUAPROD","TOT","USD","A","2021",189102200,"E"
"PRT","AQUAPROD","TOT","USD","A","2000",50504800,
"PRT","AQUAPROD","TOT","USD","A","2001",55619900,
"PRT","AQUAPROD","TOT","USD","A","2002",42144426,
"PRT","AQUAPROD","TOT","USD","A","2003",41207821,
"PRT","AQUAPROD","TOT","USD","A","2004",36869076,
"PRT","AQUAPROD","TOT","USD","A","2005",42918018,
"PRT","AQUAPROD","TOT","USD","A","2006",54307123,
"PRT","AQUAPROD","TOT","USD","A","2007",54631818,
"PRT","AQUAPROD","TOT","USD","A","2008",59083482,
"PRT","AQUAPROD","TOT","USD","A","2009",47517576,
"PRT","AQUAPROD","TOT","USD","A","2010",63348892,
"PRT","AQUAPROD","TOT","USD","A","2011",81136346,
"PRT","AQUAPROD","TOT","USD","A","2012",68919267,
"PRT","AQUAPROD","TOT","USD","A","2013",72816567,
"PRT","AQUAPROD","TOT","USD","A","2014",68947104,
"PRT","AQUAPROD","TOT","USD","A","2015",59794823,
"PRT","AQUAPROD","TOT","USD","A","2016",66981949,
"PRT","AQUAPROD","TOT","USD","A","2017",93879935,
"PRT","AQUAPROD","TOT","USD","A","2018",116132925,
"PRT","AQUAPROD","TOT","USD","A","2019",115045234,
"PRT","AQUAPROD","TOT","USD","A","2020",156206781,
"PRT","AQUAPROD","TOT","USD","A","2021",193251704,
"SVK","AQUAPROD","TOT","USD","A","2000",1882700,
"SVK","AQUAPROD","TOT","USD","A","2001",2151700,
"SVK","AQUAPROD","TOT","USD","A","2002",1822600,
"SVK","AQUAPROD","TOT","USD","A","2003",1943000,
"SVK","AQUAPROD","TOT","USD","A","2004",2581000,
"SVK","AQUAPROD","TOT","USD","A","2005",2132000,
"SVK","AQUAPROD","TOT","USD","A","2006",2709000,
"SVK","AQUAPROD","TOT","USD","A","2007",2639250,
"SVK","AQUAPROD","TOT","USD","A","2008",4130366,
"SVK","AQUAPROD","TOT","USD","A","2009",2520037,
"SVK","AQUAPROD","TOT","USD","A","2010",2531912,
"SVK","AQUAPROD","TOT","USD","A","2011",3190507,
"SVK","AQUAPROD","TOT","USD","A","2012",4269296,
"SVK","AQUAPROD","TOT","USD","A","2013",4169997,
"SVK","AQUAPROD","TOT","USD","A","2014",4434377,
"SVK","AQUAPROD","TOT","USD","A","2015",4201044,
"SVK","AQUAPROD","TOT","USD","A","2016",5576674,
"SVK","AQUAPROD","TOT","USD","A","2017",6909923,
"SVK","AQUAPROD","TOT","USD","A","2018",6478835,
"SVK","AQUAPROD","TOT","USD","A","2019",8052917,
"SVK","AQUAPROD","TOT","USD","A","2020",6372611,
"SVK","AQUAPROD","TOT","USD","A","2021",6621004,"E"
"ESP","AQUAPROD","TOT","USD","A","2000",335499000,
"ESP","AQUAPROD","TOT","USD","A","2001",342522350,
"ESP","AQUAPROD","TOT","USD","A","2002",306989400,
"ESP","AQUAPROD","TOT","USD","A","2003",311879400,
"ESP","AQUAPROD","TOT","USD","A","2004",412788550,
"ESP","AQUAPROD","TOT","USD","A","2005",353408500,
"ESP","AQUAPROD","TOT","USD","A","2006",390772923,
"ESP","AQUAPROD","TOT","USD","A","2007",445358284,
"ESP","AQUAPROD","TOT","USD","A","2008",612409178,
"ESP","AQUAPROD","TOT","USD","A","2009",551714303,
"ESP","AQUAPROD","TOT","USD","A","2010",551128454,
"ESP","AQUAPROD","TOT","USD","A","2011",626604882,
"ESP","AQUAPROD","TOT","USD","A","2012",547502450,
"ESP","AQUAPROD","TOT","USD","A","2013",577098284,
"ESP","AQUAPROD","TOT","USD","A","2014",632991466,
"ESP","AQUAPROD","TOT","USD","A","2015",575466420,
"ESP","AQUAPROD","TOT","USD","A","2016",626113295,
"ESP","AQUAPROD","TOT","USD","A","2017",659629014,"E"
"ESP","AQUAPROD","TOT","USD","A","2018",678770012,
"ESP","AQUAPROD","TOT","USD","A","2019",715508798,
"ESP","AQUAPROD","TOT","USD","A","2020",658140445,
"ESP","AQUAPROD","TOT","USD","A","2021",776521300,
"SWE","AQUAPROD","TOT","USD","A","2000",14903564,
"SWE","AQUAPROD","TOT","USD","A","2001",15656003,
"SWE","AQUAPROD","TOT","USD","A","2002",14729021,
"SWE","AQUAPROD","TOT","USD","A","2003",18836036,
"SWE","AQUAPROD","TOT","USD","A","2004",19599489,
"SWE","AQUAPROD","TOT","USD","A","2005",20923411,
"SWE","AQUAPROD","TOT","USD","A","2006",27877086,
"SWE","AQUAPROD","TOT","USD","A","2007",21415678,
"SWE","AQUAPROD","TOT","USD","A","2008",34284045,
"SWE","AQUAPROD","TOT","USD","A","2009",23343981,"E"
"SWE","AQUAPROD","TOT","USD","A","2010",41128631,
"SWE","AQUAPROD","TOT","USD","A","2011",59105542,
"SWE","AQUAPROD","TOT","USD","A","2012",58664824,
"SWE","AQUAPROD","TOT","USD","A","2013",64077358,
"SWE","AQUAPROD","TOT","USD","A","2014",62275381,
"SWE","AQUAPROD","TOT","USD","A","2015",46067781,
"SWE","AQUAPROD","TOT","USD","A","2016",56751224,
"SWE","AQUAPROD","TOT","USD","A","2017",60736302,
"SWE","AQUAPROD","TOT","USD","A","2018",58159210,
"SWE","AQUAPROD","TOT","USD","A","2019",42471047,
"SWE","AQUAPROD","TOT","USD","A","2020",39655532,
"SWE","AQUAPROD","TOT","USD","A","2021",52623038,"E"
"CHE","AQUAPROD","TOT","USD","A","2000",9720300,
"CHE","AQUAPROD","TOT","USD","A","2001",10025980,
"CHE","AQUAPROD","TOT","USD","A","2002",10892250,
"CHE","AQUAPROD","TOT","USD","A","2003",12263295,
"CHE","AQUAPROD","TOT","USD","A","2004",13866081,
"CHE","AQUAPROD","TOT","USD","A","2005",11598000,
"CHE","AQUAPROD","TOT","USD","A","2006",11598000,
"CHE","AQUAPROD","TOT","USD","A","2007",11630000,
"CHE","AQUAPROD","TOT","USD","A","2008",12548000,"E"
"CHE","AQUAPROD","TOT","USD","A","2009",13838000,"E"
"CHE","AQUAPROD","TOT","USD","A","2010",14680000,
"CHE","AQUAPROD","TOT","USD","A","2011",17130000,
"CHE","AQUAPROD","TOT","USD","A","2012",17255000,
"CHE","AQUAPROD","TOT","USD","A","2013",18510000,
"CHE","AQUAPROD","TOT","USD","A","2014",18510000,
"CHE","AQUAPROD","TOT","USD","A","2015",18510000,
"CHE","AQUAPROD","TOT","USD","A","2016",30540000,
"CHE","AQUAPROD","TOT","USD","A","2017",30540000,
"CHE","AQUAPROD","TOT","USD","A","2018",32990000,
"CHE","AQUAPROD","TOT","USD","A","2019",42380200,
"CHE","AQUAPROD","TOT","USD","A","2020",42380200,
"CHE","AQUAPROD","TOT","USD","A","2021",42480000,
"TUR","AQUAPROD","TOT","USD","A","2000",219775110,
"TUR","AQUAPROD","TOT","USD","A","2001",142315160,
"TUR","AQUAPROD","TOT","USD","A","2002",130481500,
"TUR","AQUAPROD","TOT","USD","A","2003",278614150,
"TUR","AQUAPROD","TOT","USD","A","2004",401864250,
"TUR","AQUAPROD","TOT","USD","A","2005",519887290,
"TUR","AQUAPROD","TOT","USD","A","2006",555171330,
"TUR","AQUAPROD","TOT","USD","A","2007",613942310,
"TUR","AQUAPROD","TOT","USD","A","2008",649636035,
"TUR","AQUAPROD","TOT","USD","A","2009",615737914,
"TUR","AQUAPROD","TOT","USD","A","2010",707981088,
"TUR","AQUAPROD","TOT","USD","A","2011",759911329,
"TUR","AQUAPROD","TOT","USD","A","2012",900530622,
"TUR","AQUAPROD","TOT","USD","A","2013",903303679,
"TUR","AQUAPROD","TOT","USD","A","2014",986990643,
"TUR","AQUAPROD","TOT","USD","A","2015",944559019,
"TUR","AQUAPROD","TOT","USD","A","2016",1072574985,
"TUR","AQUAPROD","TOT","USD","A","2017",1109937515,
"TUR","AQUAPROD","TOT","USD","A","2018",1161225888,
"TUR","AQUAPROD","TOT","USD","A","2019",1356074992,
"TUR","AQUAPROD","TOT","USD","A","2020",1549464028,
"TUR","AQUAPROD","TOT","USD","A","2021",2088315210,
"GBR","AQUAPROD","TOT","USD","A","2000",461129049,
"GBR","AQUAPROD","TOT","USD","A","2001",512713157,
"GBR","AQUAPROD","TOT","USD","A","2002",544257789,
"GBR","AQUAPROD","TOT","USD","A","2003",517362988,"E"
"GBR","AQUAPROD","TOT","USD","A","2004",593299796,
"GBR","AQUAPROD","TOT","USD","A","2005",619339740,
"GBR","AQUAPROD","TOT","USD","A","2006",768725436,
"GBR","AQUAPROD","TOT","USD","A","2007",934161269,
"GBR","AQUAPROD","TOT","USD","A","2008",967102935,
"GBR","AQUAPROD","TOT","USD","A","2009",780730386,
"GBR","AQUAPROD","TOT","USD","A","2010",799731825,
"GBR","AQUAPROD","TOT","USD","A","2011",1055070080,
"GBR","AQUAPROD","TOT","USD","A","2012",943951928,
"GBR","AQUAPROD","TOT","USD","A","2013",1250456076,
"GBR","AQUAPROD","TOT","USD","A","2014",1368834269,
"GBR","AQUAPROD","TOT","USD","A","2015",1132528684,
"GBR","AQUAPROD","TOT","USD","A","2016",1149526963,
"GBR","AQUAPROD","TOT","USD","A","2017",1468527648,
"GBR","AQUAPROD","TOT","USD","A","2018",1284362329,
"GBR","AQUAPROD","TOT","USD","A","2019",1474350471,
"GBR","AQUAPROD","TOT","USD","A","2020",1291620698,
"GBR","AQUAPROD","TOT","USD","A","2021",1474735440,"E"
"USA","AQUAPROD","TOT","USD","A","2000",848064930,
"USA","AQUAPROD","TOT","USD","A","2001",804166420,
"USA","AQUAPROD","TOT","USD","A","2002",725370110,
"USA","AQUAPROD","TOT","USD","A","2003",823347390,
"USA","AQUAPROD","TOT","USD","A","2004",922112010,
"USA","AQUAPROD","TOT","USD","A","2005",896336190,
"USA","AQUAPROD","TOT","USD","A","2006",1001601250,
"USA","AQUAPROD","TOT","USD","A","2007",957232160,
"USA","AQUAPROD","TOT","USD","A","2008",983582680,
"USA","AQUAPROD","TOT","USD","A","2009",958881720,
"USA","AQUAPROD","TOT","USD","A","2010",1023272110,
"USA","AQUAPROD","TOT","USD","A","2011",1104836630,
"USA","AQUAPROD","TOT","USD","A","2012",1007282200,
"USA","AQUAPROD","TOT","USD","A","2013",1176006720,
"USA","AQUAPROD","TOT","USD","A","2014",1108087414,
"USA","AQUAPROD","TOT","USD","A","2015",1149688250,
"USA","AQUAPROD","TOT","USD","A","2016",1243032230,
"USA","AQUAPROD","TOT","USD","A","2017",1212501160,
"USA","AQUAPROD","TOT","USD","A","2018",1319789666,
"USA","AQUAPROD","TOT","USD","A","2019",1274580411,
"USA","AQUAPROD","TOT","USD","A","2020",1211063211,
"USA","AQUAPROD","TOT","USD","A","2021",1211119211,"E"
"ARG","AQUAPROD","TOT","USD","A","2000",10395000,
"ARG","AQUAPROD","TOT","USD","A","2001",8162500,
"ARG","AQUAPROD","TOT","USD","A","2002",7676750,
"ARG","AQUAPROD","TOT","USD","A","2003",7152400,
"ARG","AQUAPROD","TOT","USD","A","2004",9950520,
"ARG","AQUAPROD","TOT","USD","A","2005",11461500,
"ARG","AQUAPROD","TOT","USD","A","2006",16729600,
"ARG","AQUAPROD","TOT","USD","A","2007",16741900,
"ARG","AQUAPROD","TOT","USD","A","2008",12475600,
"ARG","AQUAPROD","TOT","USD","A","2009",10826700,
"ARG","AQUAPROD","TOT","USD","A","2010",15480029,
"ARG","AQUAPROD","TOT","USD","A","2011",16406477,
"ARG","AQUAPROD","TOT","USD","A","2012",17992893,
"ARG","AQUAPROD","TOT","USD","A","2013",28370924,
"ARG","AQUAPROD","TOT","USD","A","2014",27871437,
"ARG","AQUAPROD","TOT","USD","A","2015",33613377,
"ARG","AQUAPROD","TOT","USD","A","2016",22958351,
"ARG","AQUAPROD","TOT","USD","A","2017",24539032,
"ARG","AQUAPROD","TOT","USD","A","2018",21708735,
"ARG","AQUAPROD","TOT","USD","A","2019",13353357,
"ARG","AQUAPROD","TOT","USD","A","2020",10799805,
"ARG","AQUAPROD","TOT","USD","A","2021",24774159,
"CHL","AQUAPROD","TOT","USD","A","2000",1266241200,
"CHL","AQUAPROD","TOT","USD","A","2001",1754904900,
"CHL","AQUAPROD","TOT","USD","A","2002",1688157300,
"CHL","AQUAPROD","TOT","USD","A","2003",2184186900,"E"
"CHL","AQUAPROD","TOT","USD","A","2004",2817026300,"E"
"CHL","AQUAPROD","TOT","USD","A","2005",3241068260,"E"
"CHL","AQUAPROD","TOT","USD","A","2006",4411164890,"E"
"CHL","AQUAPROD","TOT","USD","A","2007",4909122060,"E"
"CHL","AQUAPROD","TOT","USD","A","2008",4549519870,"E"
"CHL","AQUAPROD","TOT","USD","A","2009",4782733000,
"CHL","AQUAPROD","TOT","USD","A","2010",3769116560,"E"
"CHL","AQUAPROD","TOT","USD","A","2011",6339611480,
"CHL","AQUAPROD","TOT","USD","A","2012",6002558785,
"CHL","AQUAPROD","TOT","USD","A","2013",7552968170,
"CHL","AQUAPROD","TOT","USD","A","2014",10309181290,
"CHL","AQUAPROD","TOT","USD","A","2015",6863402900,
"CHL","AQUAPROD","TOT","USD","A","2016",7901136500,
"CHL","AQUAPROD","TOT","USD","A","2017",10412179860,
"CHL","AQUAPROD","TOT","USD","A","2018",10498981544,
"CHL","AQUAPROD","TOT","USD","A","2019",10958060400,
"CHL","AQUAPROD","TOT","USD","A","2020",8462705230,
"CHL","AQUAPROD","TOT","USD","A","2021",9050788660,
"TWN","AQUAPROD","TOT","USD","A","2000",847705093,
"TWN","AQUAPROD","TOT","USD","A","2001",909850731,
"TWN","AQUAPROD","TOT","USD","A","2002",863998996,
"TWN","AQUAPROD","TOT","USD","A","2003",908657405,
"TWN","AQUAPROD","TOT","USD","A","2004",944250643,
"TWN","AQUAPROD","TOT","USD","A","2005",969563304,
"TWN","AQUAPROD","TOT","USD","A","2006",880540217,
"TWN","AQUAPROD","TOT","USD","A","2007",999808987,
"TWN","AQUAPROD","TOT","USD","A","2008",1070001216,
"TWN","AQUAPROD","TOT","USD","A","2009",915295261,
"TWN","AQUAPROD","TOT","USD","A","2010",1119281424,
"TWN","AQUAPROD","TOT","USD","A","2011",1373563855,
"TWN","AQUAPROD","TOT","USD","A","2012",1238582942,
"TWN","AQUAPROD","TOT","USD","A","2013",1352806003,
"TWN","AQUAPROD","TOT","USD","A","2014",1355795229,
"TWN","AQUAPROD","TOT","USD","A","2015",1211655747,
"TWN","AQUAPROD","TOT","USD","A","2016",1021758971,
"TWN","AQUAPROD","TOT","USD","A","2017",1164592839,
"TWN","AQUAPROD","TOT","USD","A","2018",1194102591,
"TWN","AQUAPROD","TOT","USD","A","2019",1127419413,
"TWN","AQUAPROD","TOT","USD","A","2020",1044309095,
"TWN","AQUAPROD","TOT","USD","A","2021",1128953276,"E"
"THA","AQUAPROD","TOT","USD","A","2000",2513846102,
"THA","AQUAPROD","TOT","USD","A","2001",1752063754,
"THA","AQUAPROD","TOT","USD","A","2002",1574996274,
"THA","AQUAPROD","TOT","USD","A","2003",1463011620,
"THA","AQUAPROD","TOT","USD","A","2004",1705030009,
"THA","AQUAPROD","TOT","USD","A","2005",1740627491,
"THA","AQUAPROD","TOT","USD","A","2006",1995811524,
"THA","AQUAPROD","TOT","USD","A","2007",2138578746,
"THA","AQUAPROD","TOT","USD","A","2008",2345592102,
"THA","AQUAPROD","TOT","USD","A","2009",2622727972,
"THA","AQUAPROD","TOT","USD","A","2010",2812976169,
"THA","AQUAPROD","TOT","USD","A","2011",3364587618,
"THA","AQUAPROD","TOT","USD","A","2012",3487230403,
"THA","AQUAPROD","TOT","USD","A","2013",2960677737,
"THA","AQUAPROD","TOT","USD","A","2014",2562211038,
"THA","AQUAPROD","TOT","USD","A","2015",2327329853,
"THA","AQUAPROD","TOT","USD","A","2016",2496930631,
"THA","AQUAPROD","TOT","USD","A","2017",2716572080,
"THA","AQUAPROD","TOT","USD","A","2018",3035322700,
"THA","AQUAPROD","TOT","USD","A","2019",3191790240,
"THA","AQUAPROD","TOT","USD","A","2020",3049913069,
"THA","AQUAPROD","TOT","USD","A","2021",2993667605,
"CHN","AQUAPROD","TOT","USD","A","2000",24167790361,"E"
"CHN","AQUAPROD","TOT","USD","A","2001",26018896528,"E"
"CHN","AQUAPROD","TOT","USD","A","2002",28266503430,"E"
"CHN","AQUAPROD","TOT","USD","A","2003",29600027307,"E"
"CHN","AQUAPROD","TOT","USD","A","2004",30922863043,"E"
"CHN","AQUAPROD","TOT","USD","A","2005",34413267855,"E"
"CHN","AQUAPROD","TOT","USD","A","2006",38327778410,
"CHN","AQUAPROD","TOT","USD","A","2007",50404734874,"E"
"CHN","AQUAPROD","TOT","USD","A","2008",62065848794,"E"
"CHN","AQUAPROD","TOT","USD","A","2009",67452676288,"E"
"CHN","AQUAPROD","TOT","USD","A","2010",76565452949,"E"
"CHN","AQUAPROD","TOT","USD","A","2011",91803227829,"E"
"CHN","AQUAPROD","TOT","USD","A","2012",105101852332,"E"
"CHN","AQUAPROD","TOT","USD","A","2013",119426955440,"E"
"CHN","AQUAPROD","TOT","USD","A","2014",131669153914,"E"
"CHN","AQUAPROD","TOT","USD","A","2015",134347170230,"E"
"CHN","AQUAPROD","TOT","USD","A","2016",143522238309,"E"
"CHN","AQUAPROD","TOT","USD","A","2017",149025160650,"E"
"CHN","AQUAPROD","TOT","USD","A","2018",154588568992,"E"
"CHN","AQUAPROD","TOT","USD","A","2019",161125295434,"E"
"CHN","AQUAPROD","TOT","USD","A","2020",167868467077,"E"
"CHN","AQUAPROD","TOT","USD","A","2021",175310363521,"E"
"LVA","AQUAPROD","TOT","USD","A","2000",413570,
"LVA","AQUAPROD","TOT","USD","A","2001",636180,
"LVA","AQUAPROD","TOT","USD","A","2002",538840,
"LVA","AQUAPROD","TOT","USD","A","2003",833560,
"LVA","AQUAPROD","TOT","USD","A","2004",541122,
"LVA","AQUAPROD","TOT","USD","A","2005",956490,
"LVA","AQUAPROD","TOT","USD","A","2006",1373475,
"LVA","AQUAPROD","TOT","USD","A","2007",2198907,
"LVA","AQUAPROD","TOT","USD","A","2008",2226781,
"LVA","AQUAPROD","TOT","USD","A","2009",1564598,
"LVA","AQUAPROD","TOT","USD","A","2010",1393936,
"LVA","AQUAPROD","TOT","USD","A","2011",1545731,
"LVA","AQUAPROD","TOT","USD","A","2012",1822488,
"LVA","AQUAPROD","TOT","USD","A","2013",2134054,
"LVA","AQUAPROD","TOT","USD","A","2014",2457118,
"LVA","AQUAPROD","TOT","USD","A","2015",2640868,
"LVA","AQUAPROD","TOT","USD","A","2016",2307728,
"LVA","AQUAPROD","TOT","USD","A","2017",2531533,
"LVA","AQUAPROD","TOT","USD","A","2018",2357025,
"LVA","AQUAPROD","TOT","USD","A","2019",1856368,
"LVA","AQUAPROD","TOT","USD","A","2020",2510021,
"LVA","AQUAPROD","TOT","USD","A","2021",3742655,
"COL","AQUAPROD","TOT","USD","A","2000",257612400,
"COL","AQUAPROD","TOT","USD","A","2001",242180000,"E"
"COL","AQUAPROD","TOT","USD","A","2002",246580000,"E"
"COL","AQUAPROD","TOT","USD","A","2003",269200800,
"COL","AQUAPROD","TOT","USD","A","2004",277036100,
"COL","AQUAPROD","TOT","USD","A","2005",281800000,"E"
"COL","AQUAPROD","TOT","USD","A","2006",317027900,
"COL","AQUAPROD","TOT","USD","A","2007",297920200,
"COL","AQUAPROD","TOT","USD","A","2008",293200000,"E"
"COL","AQUAPROD","TOT","USD","A","2009",339327500,"E"
"COL","AQUAPROD","TOT","USD","A","2010",261782100,
"COL","AQUAPROD","TOT","USD","A","2011",262340740,
"COL","AQUAPROD","TOT","USD","A","2012",285482200,"E"
"COL","AQUAPROD","TOT","USD","A","2013",281754100,"E"
"COL","AQUAPROD","TOT","USD","A","2014",291057000,"E"
"COL","AQUAPROD","TOT","USD","A","2015",256616904,
"COL","AQUAPROD","TOT","USD","A","2016",247792011,"E"
"COL","AQUAPROD","TOT","USD","A","2017",288389850,"E"
"COL","AQUAPROD","TOT","USD","A","2018",390666795,
"COL","AQUAPROD","TOT","USD","A","2019",479714604,
"COL","AQUAPROD","TOT","USD","A","2020",585230429,
"COL","AQUAPROD","TOT","USD","A","2021",638507200,
"CRI","AQUAPROD","TOT","USD","A","2000",32715000,
"CRI","AQUAPROD","TOT","USD","A","2001",35598000,
"CRI","AQUAPROD","TOT","USD","A","2002",65877500,
"CRI","AQUAPROD","TOT","USD","A","2003",69706000,
"CRI","AQUAPROD","TOT","USD","A","2004",80218000,
"CRI","AQUAPROD","TOT","USD","A","2005",80784100,
"CRI","AQUAPROD","TOT","USD","A","2006",70636200,
"CRI","AQUAPROD","TOT","USD","A","2007",83572600,
"CRI","AQUAPROD","TOT","USD","A","2008",86790200,"E"
"CRI","AQUAPROD","TOT","USD","A","2009",50345533,"E"
"CRI","AQUAPROD","TOT","USD","A","2010",57718459,"E"
"CRI","AQUAPROD","TOT","USD","A","2011",61943695,"E"
"CRI","AQUAPROD","TOT","USD","A","2012",62514088,"E"
"CRI","AQUAPROD","TOT","USD","A","2013",69071006,"E"
"CRI","AQUAPROD","TOT","USD","A","2014",58957174,"E"
"CRI","AQUAPROD","TOT","USD","A","2015",54024298,"E"
"CRI","AQUAPROD","TOT","USD","A","2016",56645395,"E"
"CRI","AQUAPROD","TOT","USD","A","2017",52228244,"E"
"CRI","AQUAPROD","TOT","USD","A","2018",52828147,"E"
"CRI","AQUAPROD","TOT","USD","A","2019",52397624,"E"
"CRI","AQUAPROD","TOT","USD","A","2020",41025193,
"CRI","AQUAPROD","TOT","USD","A","2021",96863362,
"EST","AQUAPROD","TOT","USD","A","2000",523936,
"EST","AQUAPROD","TOT","USD","A","2001",1299343,
"EST","AQUAPROD","TOT","USD","A","2002",761455,
"EST","AQUAPROD","TOT","USD","A","2003",1394509,
"EST","AQUAPROD","TOT","USD","A","2004",749570,
"EST","AQUAPROD","TOT","USD","A","2005",2639601,
"EST","AQUAPROD","TOT","USD","A","2006",3480728,
"EST","AQUAPROD","TOT","USD","A","2007",4380932,
"EST","AQUAPROD","TOT","USD","A","2008",4210678,
"EST","AQUAPROD","TOT","USD","A","2009",3115584,
"EST","AQUAPROD","TOT","USD","A","2010",2688641,
"EST","AQUAPROD","TOT","USD","A","2011",2183062,
"EST","AQUAPROD","TOT","USD","A","2012",3120289,
"EST","AQUAPROD","TOT","USD","A","2013",3725757,
"EST","AQUAPROD","TOT","USD","A","2014",4694612,
"EST","AQUAPROD","TOT","USD","A","2015",3772425,
"EST","AQUAPROD","TOT","USD","A","2016",4294462,
"EST","AQUAPROD","TOT","USD","A","2017",4202665,"E"
"EST","AQUAPROD","TOT","USD","A","2018",4953766,
"EST","AQUAPROD","TOT","USD","A","2019",4196970,
"EST","AQUAPROD","TOT","USD","A","2020",4938915,
"EST","AQUAPROD","TOT","USD","A","2021",5113159,
"IDN","AQUAPROD","TOT","USD","A","2000",2268269770,
"IDN","AQUAPROD","TOT","USD","A","2001",2418615200,
"IDN","AQUAPROD","TOT","USD","A","2002",1494530001,
"IDN","AQUAPROD","TOT","USD","A","2003",1715901369,
"IDN","AQUAPROD","TOT","USD","A","2004",2162849520,
"IDN","AQUAPROD","TOT","USD","A","2005",2329032080,
"IDN","AQUAPROD","TOT","USD","A","2006",2667752530,
"IDN","AQUAPROD","TOT","USD","A","2007",2862885690,
"IDN","AQUAPROD","TOT","USD","A","2008",3124626420,
"IDN","AQUAPROD","TOT","USD","A","2009",4025739545,
"IDN","AQUAPROD","TOT","USD","A","2010",6190614863,
"IDN","AQUAPROD","TOT","USD","A","2011",7481822436,
"IDN","AQUAPROD","TOT","USD","A","2012",8068890007,
"IDN","AQUAPROD","TOT","USD","A","2013",10683267270,
"IDN","AQUAPROD","TOT","USD","A","2014",10560749792,
"IDN","AQUAPROD","TOT","USD","A","2015",8761024015,
"IDN","AQUAPROD","TOT","USD","A","2016",11018976922,
"IDN","AQUAPROD","TOT","USD","A","2017",13436666892,
"IDN","AQUAPROD","TOT","USD","A","2018",13542888371,
"IDN","AQUAPROD","TOT","USD","A","2019",13283444220,
"IDN","AQUAPROD","TOT","USD","A","2020",12086502208,
"IDN","AQUAPROD","TOT","USD","A","2021",13749986383,
"ISR","AQUAPROD","TOT","USD","A","2000",76392970,
"ISR","AQUAPROD","TOT","USD","A","2001",78932980,
"ISR","AQUAPROD","TOT","USD","A","2002",61910670,
"ISR","AQUAPROD","TOT","USD","A","2003",58974145,
"ISR","AQUAPROD","TOT","USD","A","2004",63916463,
"ISR","AQUAPROD","TOT","USD","A","2005",72651211,
"ISR","AQUAPROD","TOT","USD","A","2006",79386120,
"ISR","AQUAPROD","TOT","USD","A","2007",78984536,
"ISR","AQUAPROD","TOT","USD","A","2008",81535700,"E"
"ISR","AQUAPROD","TOT","USD","A","2009",68799506,"E"
"ISR","AQUAPROD","TOT","USD","A","2010",81480467,
"ISR","AQUAPROD","TOT","USD","A","2011",92756812,
"ISR","AQUAPROD","TOT","USD","A","2012",90390263,
"ISR","AQUAPROD","TOT","USD","A","2013",102847060,
"ISR","AQUAPROD","TOT","USD","A","2014",99222143,
"ISR","AQUAPROD","TOT","USD","A","2015",81919053,
"ISR","AQUAPROD","TOT","USD","A","2016",88189276,
"ISR","AQUAPROD","TOT","USD","A","2017",90316744,
"ISR","AQUAPROD","TOT","USD","A","2018",82937342,"E"
"ISR","AQUAPROD","TOT","USD","A","2019",91744286,"E"
"ISR","AQUAPROD","TOT","USD","A","2020",81641663,"E"
"ISR","AQUAPROD","TOT","USD","A","2021",75971202,"E"
"LTU","AQUAPROD","TOT","USD","A","2000",2413625,
"LTU","AQUAPROD","TOT","USD","A","2001",2516800,
"LTU","AQUAPROD","TOT","USD","A","2002",2427136,
"LTU","AQUAPROD","TOT","USD","A","2003",3887771,
"LTU","AQUAPROD","TOT","USD","A","2004",4916296,
"LTU","AQUAPROD","TOT","USD","A","2005",5221808,
"LTU","AQUAPROD","TOT","USD","A","2006",5878419,
"LTU","AQUAPROD","TOT","USD","A","2007",9668292,
"LTU","AQUAPROD","TOT","USD","A","2008",9776108,
"LTU","AQUAPROD","TOT","USD","A","2009",9235797,
"LTU","AQUAPROD","TOT","USD","A","2010",8058802,
"LTU","AQUAPROD","TOT","USD","A","2011",10079772,
"LTU","AQUAPROD","TOT","USD","A","2012",9848369,
"LTU","AQUAPROD","TOT","USD","A","2013",12627405,
"LTU","AQUAPROD","TOT","USD","A","2014",11869435,
"LTU","AQUAPROD","TOT","USD","A","2015",11746809,
"LTU","AQUAPROD","TOT","USD","A","2016",13559121,
"LTU","AQUAPROD","TOT","USD","A","2017",13750402,
"LTU","AQUAPROD","TOT","USD","A","2018",14687156,
"LTU","AQUAPROD","TOT","USD","A","2019",15147851,
"LTU","AQUAPROD","TOT","USD","A","2020",15806894,
"LTU","AQUAPROD","TOT","USD","A","2021",19433417,
"PER","AQUAPROD","TOT","USD","A","2000",37393815,
"PER","AQUAPROD","TOT","USD","A","2001",45138894,
"PER","AQUAPROD","TOT","USD","A","2002",71262208,
"PER","AQUAPROD","TOT","USD","A","2003",80639221,
"PER","AQUAPROD","TOT","USD","A","2004",119512114,
"PER","AQUAPROD","TOT","USD","A","2005",158440387,
"PER","AQUAPROD","TOT","USD","A","2006",174768358,
"PER","AQUAPROD","TOT","USD","A","2007",271845471,
"PER","AQUAPROD","TOT","USD","A","2008",298046577,
"PER","AQUAPROD","TOT","USD","A","2009",290343223,
"PER","AQUAPROD","TOT","USD","A","2010",662598147,
"PER","AQUAPROD","TOT","USD","A","2011",671623428,"E"
"PER","AQUAPROD","TOT","USD","A","2012",471815720,
"PER","AQUAPROD","TOT","USD","A","2013",878209172,
"PER","AQUAPROD","TOT","USD","A","2014",778259626,
"PER","AQUAPROD","TOT","USD","A","2015",440590311,
"PER","AQUAPROD","TOT","USD","A","2016",479342002,
"PER","AQUAPROD","TOT","USD","A","2017",404520347,
"PER","AQUAPROD","TOT","USD","A","2018",632114291,"E"
"PER","AQUAPROD","TOT","USD","A","2019",523313045,
"PER","AQUAPROD","TOT","USD","A","2020",421440262,
"PER","AQUAPROD","TOT","USD","A","2021",412771325,
"PHL","AQUAPROD","TOT","USD","A","2000",734011307,
"PHL","AQUAPROD","TOT","USD","A","2001",719177097,
"PHL","AQUAPROD","TOT","USD","A","2002",695407160,
"PHL","AQUAPROD","TOT","USD","A","2003",668510059,
"PHL","AQUAPROD","TOT","USD","A","2004",794717100,
"PHL","AQUAPROD","TOT","USD","A","2005",903380486,
"PHL","AQUAPROD","TOT","USD","A","2006",1155467176,
"PHL","AQUAPROD","TOT","USD","A","2007",1371049099,
"PHL","AQUAPROD","TOT","USD","A","2008",1867180601,
"PHL","AQUAPROD","TOT","USD","A","2009",1686860509,
"PHL","AQUAPROD","TOT","USD","A","2010",1818789631,
"PHL","AQUAPROD","TOT","USD","A","2011",1985615734,
"PHL","AQUAPROD","TOT","USD","A","2012",2185620278,
"PHL","AQUAPROD","TOT","USD","A","2013",2208289203,
"PHL","AQUAPROD","TOT","USD","A","2014",2135580160,
"PHL","AQUAPROD","TOT","USD","A","2015",2051618489,
"PHL","AQUAPROD","TOT","USD","A","2016",1919121616,
"PHL","AQUAPROD","TOT","USD","A","2017",1998499511,
"PHL","AQUAPROD","TOT","USD","A","2018",2094538137,
"PHL","AQUAPROD","TOT","USD","A","2019",2274835204,
"PHL","AQUAPROD","TOT","USD","A","2020",2304344597,
"PHL","AQUAPROD","TOT","USD","A","2021",2747952135,
"RUS","AQUAPROD","TOT","USD","A","2000",204779000,
"RUS","AQUAPROD","TOT","USD","A","2001",235905700,
"RUS","AQUAPROD","TOT","USD","A","2002",267549400,
"RUS","AQUAPROD","TOT","USD","A","2003",289035700,
"RUS","AQUAPROD","TOT","USD","A","2004",301989000,
"RUS","AQUAPROD","TOT","USD","A","2005",321644000,
"RUS","AQUAPROD","TOT","USD","A","2006",311640600,
"RUS","AQUAPROD","TOT","USD","A","2007",326117500,
"RUS","AQUAPROD","TOT","USD","A","2008",364590100,
"RUS","AQUAPROD","TOT","USD","A","2009",375071700,"E"
"RUS","AQUAPROD","TOT","USD","A","2010",397524900,"E"
"RUS","AQUAPROD","TOT","USD","A","2011",436034200,"E"
"RUS","AQUAPROD","TOT","USD","A","2012",490328400,"E"
"RUS","AQUAPROD","TOT","USD","A","2013",548962200,"E"
"RUS","AQUAPROD","TOT","USD","A","2014",571025800,"E"
"RUS","AQUAPROD","TOT","USD","A","2015",534836200,"E"
"RUS","AQUAPROD","TOT","USD","A","2016",597260200,"E"
"RUS","AQUAPROD","TOT","USD","A","2017",634297200,"E"
"RUS","AQUAPROD","TOT","USD","A","2018",792203200,"E"
"RUS","AQUAPROD","TOT","USD","A","2019",971906400,"E"
"RUS","AQUAPROD","TOT","USD","A","2020",1321628832,"E"
"RUS","AQUAPROD","TOT","USD","A","2021",1489289148,"E"
"SVN","AQUAPROD","TOT","USD","A","2000",3617045,
"SVN","AQUAPROD","TOT","USD","A","2001",3514824,
"SVN","AQUAPROD","TOT","USD","A","2002",3535853,
"SVN","AQUAPROD","TOT","USD","A","2003",3939270,
"SVN","AQUAPROD","TOT","USD","A","2004",5096211,
"SVN","AQUAPROD","TOT","USD","A","2005",3555033,
"SVN","AQUAPROD","TOT","USD","A","2006",4206114,
"SVN","AQUAPROD","TOT","USD","A","2007",4056526,
"SVN","AQUAPROD","TOT","USD","A","2008",5122052,
"SVN","AQUAPROD","TOT","USD","A","2009",4292206,
"SVN","AQUAPROD","TOT","USD","A","2010",2873718,
"SVN","AQUAPROD","TOT","USD","A","2011",4688329,
"SVN","AQUAPROD","TOT","USD","A","2012",3987956,
"SVN","AQUAPROD","TOT","USD","A","2013",4777279,
"SVN","AQUAPROD","TOT","USD","A","2014",4825275,
"SVN","AQUAPROD","TOT","USD","A","2015",4850109,
"SVN","AQUAPROD","TOT","USD","A","2016",5716789,
"SVN","AQUAPROD","TOT","USD","A","2017",5321631,
"SVN","AQUAPROD","TOT","USD","A","2018",7536484,
"SVN","AQUAPROD","TOT","USD","A","2019",7246308,
"SVN","AQUAPROD","TOT","USD","A","2020",6532242,
"SVN","AQUAPROD","TOT","USD","A","2021",7180724,
"BRA","AQUAPROD","TOT","USD","A","2000",271294000,
"BRA","AQUAPROD","TOT","USD","A","2001",324881100,
"BRA","AQUAPROD","TOT","USD","A","2002",419700400,
"BRA","AQUAPROD","TOT","USD","A","2003",478294200,
"BRA","AQUAPROD","TOT","USD","A","2004",470332500,
"BRA","AQUAPROD","TOT","USD","A","2005",444619800,
"BRA","AQUAPROD","TOT","USD","A","2006",468848070,
"BRA","AQUAPROD","TOT","USD","A","2007",594824878,
"BRA","AQUAPROD","TOT","USD","A","2008",850878598,"E"
"BRA","AQUAPROD","TOT","USD","A","2009",1012644682,"E"
"BRA","AQUAPROD","TOT","USD","A","2010",1307578878,"E"
"BRA","AQUAPROD","TOT","USD","A","2011",1543337054,"E"
"BRA","AQUAPROD","TOT","USD","A","2012",1451745571,"E"
"BRA","AQUAPROD","TOT","USD","A","2013",1328749143,
"BRA","AQUAPROD","TOT","USD","A","2014",1544965702,
"BRA","AQUAPROD","TOT","USD","A","2015",1228320228,
"BRA","AQUAPROD","TOT","USD","A","2016",1132408374,
"BRA","AQUAPROD","TOT","USD","A","2017",1299139483,
"BRA","AQUAPROD","TOT","USD","A","2018",1230800334,
"BRA","AQUAPROD","TOT","USD","A","2019",1197062412,
"BRA","AQUAPROD","TOT","USD","A","2020",1056246610,
"BRA","AQUAPROD","TOT","USD","A","2021",1173856250,
"IND","AQUAPROD","TOT","USD","A","2000",2511933450,
"IND","AQUAPROD","TOT","USD","A","2001",2393411034,
"IND","AQUAPROD","TOT","USD","A","2002",2576138847,
"IND","AQUAPROD","TOT","USD","A","2003",2591162542,
"IND","AQUAPROD","TOT","USD","A","2004",3788357472,
"IND","AQUAPROD","TOT","USD","A","2005",3763279046,
"IND","AQUAPROD","TOT","USD","A","2006",4183946442,
"IND","AQUAPROD","TOT","USD","A","2007",4983651152,
"IND","AQUAPROD","TOT","USD","A","2008",6075708399,"E"
"IND","AQUAPROD","TOT","USD","A","2009",5492947696,"E"
"IND","AQUAPROD","TOT","USD","A","2010",7072876829,"E"
"IND","AQUAPROD","TOT","USD","A","2011",7582398391,"E"
"IND","AQUAPROD","TOT","USD","A","2012",8857516963,"E"
"IND","AQUAPROD","TOT","USD","A","2013",10025199410,"E"
"IND","AQUAPROD","TOT","USD","A","2014",10623316906,"E"
"IND","AQUAPROD","TOT","USD","A","2015",10495638440,"E"
"IND","AQUAPROD","TOT","USD","A","2016",10537919626,"E"
"IND","AQUAPROD","TOT","USD","A","2017",12491003353,"E"
"IND","AQUAPROD","TOT","USD","A","2018",13616679373,"E"
"IND","AQUAPROD","TOT","USD","A","2019",14694075655,"E"
"IND","AQUAPROD","TOT","USD","A","2020",15564002444,
"IND","AQUAPROD","TOT","USD","A","2021",17262062321,"E"
"MYS","AQUAPROD","TOT","USD","A","2000",255974347,
"MYS","AQUAPROD","TOT","USD","A","2001",320042532,
"MYS","AQUAPROD","TOT","USD","A","2002",283019475,
"MYS","AQUAPROD","TOT","USD","A","2003",302652578,
"MYS","AQUAPROD","TOT","USD","A","2004",328356710,
"MYS","AQUAPROD","TOT","USD","A","2005",340750036,
"MYS","AQUAPROD","TOT","USD","A","2006",342162452,
"MYS","AQUAPROD","TOT","USD","A","2007",373686115,
"MYS","AQUAPROD","TOT","USD","A","2008",571613804,
"MYS","AQUAPROD","TOT","USD","A","2009",684556203,
"MYS","AQUAPROD","TOT","USD","A","2010",855724197,
"MYS","AQUAPROD","TOT","USD","A","2011",779561413,
"MYS","AQUAPROD","TOT","USD","A","2012",886757063,
"MYS","AQUAPROD","TOT","USD","A","2013",708051668,
"MYS","AQUAPROD","TOT","USD","A","2014",1023095114,
"MYS","AQUAPROD","TOT","USD","A","2015",845336359,
"MYS","AQUAPROD","TOT","USD","A","2016",696747866,
"MYS","AQUAPROD","TOT","USD","A","2017",760110180,
"MYS","AQUAPROD","TOT","USD","A","2018",816177874,
"MYS","AQUAPROD","TOT","USD","A","2019",862092459,
"MYS","AQUAPROD","TOT","USD","A","2020",800668833,
"MYS","AQUAPROD","TOT","USD","A","2021",827575672,
"VNM","AQUAPROD","TOT","USD","A","2000",993859500,"E"
"VNM","AQUAPROD","TOT","USD","A","2001",1348258850,"E"
"VNM","AQUAPROD","TOT","USD","A","2002",1601903325,"E"
"VNM","AQUAPROD","TOT","USD","A","2003",1970749000,"E"
"VNM","AQUAPROD","TOT","USD","A","2004",2445970625,"E"
"VNM","AQUAPROD","TOT","USD","A","2005",2933014750,"E"
"VNM","AQUAPROD","TOT","USD","A","2006",3318579780,"E"
"VNM","AQUAPROD","TOT","USD","A","2007",4030471510,"E"
"VNM","AQUAPROD","TOT","USD","A","2008",4608572650,"E"
"VNM","AQUAPROD","TOT","USD","A","2009",4805522400,"E"
"VNM","AQUAPROD","TOT","USD","A","2010",5982617567,"E"
"VNM","AQUAPROD","TOT","USD","A","2011",6129872001,"E"
"VNM","AQUAPROD","TOT","USD","A","2012",6354840923,"E"
"VNM","AQUAPROD","TOT","USD","A","2013",6791377842,"E"
"VNM","AQUAPROD","TOT","USD","A","2014",7903733359,"E"
"VNM","AQUAPROD","TOT","USD","A","2015",8888361240,"E"
"VNM","AQUAPROD","TOT","USD","A","2016",9141689797,"E"
"VNM","AQUAPROD","TOT","USD","A","2017",9725084884,"E"
"VNM","AQUAPROD","TOT","USD","A","2018",11170733620,
"VNM","AQUAPROD","TOT","USD","A","2019",13434329245,"E"
"VNM","AQUAPROD","TOT","USD","A","2020",12681155944,
"VNM","AQUAPROD","TOT","USD","A","2021",13260843145,
"BGD","AQUAPROD","TOT","USD","A","2000",1039101826,
"BGD","AQUAPROD","TOT","USD","A","2001",1065283761,
"BGD","AQUAPROD","TOT","USD","A","2002",1133067344,
"BGD","AQUAPROD","TOT","USD","A","2003",1243121142,
"BGD","AQUAPROD","TOT","USD","A","2004",1363180308,
"BGD","AQUAPROD","TOT","USD","A","2005",1246478669,
"BGD","AQUAPROD","TOT","USD","A","2006",1359103599,
"BGD","AQUAPROD","TOT","USD","A","2007",1522552101,
"BGD","AQUAPROD","TOT","USD","A","2008",1766182039,
"BGD","AQUAPROD","TOT","USD","A","2009",2351316314,
"BGD","AQUAPROD","TOT","USD","A","2010",2839905405,
"BGD","AQUAPROD","TOT","USD","A","2011",3374366244,
"BGD","AQUAPROD","TOT","USD","A","2012",3911199548,
"BGD","AQUAPROD","TOT","USD","A","2013",4413753372,
"BGD","AQUAPROD","TOT","USD","A","2014",4844763874,
"BGD","AQUAPROD","TOT","USD","A","2015",5139525843,
"BGD","AQUAPROD","TOT","USD","A","2016",5609666264,
"BGD","AQUAPROD","TOT","USD","A","2017",5888531979,
"BGD","AQUAPROD","TOT","USD","A","2018",5876726322,
"BGD","AQUAPROD","TOT","USD","A","2019",6031289075,
"BGD","AQUAPROD","TOT","USD","A","2020",6303282150,
"BGD","AQUAPROD","TOT","USD","A","2021",6552429972,
"BGR","AQUAPROD","TOT","USD","A","2000",7335400,
"BGR","AQUAPROD","TOT","USD","A","2001",7866500,
"BGR","AQUAPROD","TOT","USD","A","2002",5388800,
"BGR","AQUAPROD","TOT","USD","A","2003",8023300,
"BGR","AQUAPROD","TOT","USD","A","2004",6580600,
"BGR","AQUAPROD","TOT","USD","A","2005",9552180,
"BGR","AQUAPROD","TOT","USD","A","2006",10198164,
"BGR","AQUAPROD","TOT","USD","A","2007",18246692,
"BGR","AQUAPROD","TOT","USD","A","2008",19451496,
"BGR","AQUAPROD","TOT","USD","A","2009",23617075,
"BGR","AQUAPROD","TOT","USD","A","2010",26406628,
"BGR","AQUAPROD","TOT","USD","A","2011",18875291,
"BGR","AQUAPROD","TOT","USD","A","2012",19508976,
"BGR","AQUAPROD","TOT","USD","A","2013",34653370,
"BGR","AQUAPROD","TOT","USD","A","2014",33787134,
"BGR","AQUAPROD","TOT","USD","A","2015",32416991,
"BGR","AQUAPROD","TOT","USD","A","2016",36176353,
"BGR","AQUAPROD","TOT","USD","A","2017",37060254,
"BGR","AQUAPROD","TOT","USD","A","2018",46940479,
"BGR","AQUAPROD","TOT","USD","A","2019",45119585,
"BGR","AQUAPROD","TOT","USD","A","2020",47256814,
"BGR","AQUAPROD","TOT","USD","A","2021",50533690,
"HRV","AQUAPROD","TOT","USD","A","2000",28103300,
"HRV","AQUAPROD","TOT","USD","A","2001",35012700,
"HRV","AQUAPROD","TOT","USD","A","2002",36526750,
"HRV","AQUAPROD","TOT","USD","A","2003",34078500,
"HRV","AQUAPROD","TOT","USD","A","2004",61688950,
"HRV","AQUAPROD","TOT","USD","A","2005",61778300,
"HRV","AQUAPROD","TOT","USD","A","2006",93347600,
"HRV","AQUAPROD","TOT","USD","A","2007",74510000,
"HRV","AQUAPROD","TOT","USD","A","2008",73364250,"E"
"HRV","AQUAPROD","TOT","USD","A","2009",116852485,
"HRV","AQUAPROD","TOT","USD","A","2010",96725368,
"HRV","AQUAPROD","TOT","USD","A","2011",99672336,
"HRV","AQUAPROD","TOT","USD","A","2012",82150561,
"HRV","AQUAPROD","TOT","USD","A","2013",104888589,
"HRV","AQUAPROD","TOT","USD","A","2014",102821689,
"HRV","AQUAPROD","TOT","USD","A","2015",113972096,
"HRV","AQUAPROD","TOT","USD","A","2016",120169807,
"HRV","AQUAPROD","TOT","USD","A","2017",113778976,
"HRV","AQUAPROD","TOT","USD","A","2018",141747058,
"HRV","AQUAPROD","TOT","USD","A","2019",135700543,
"HRV","AQUAPROD","TOT","USD","A","2020",151337607,
"HRV","AQUAPROD","TOT","USD","A","2021",191885429,
"ROU","AQUAPROD","TOT","USD","A","2000",15636850,
"ROU","AQUAPROD","TOT","USD","A","2001",17440850,
"ROU","AQUAPROD","TOT","USD","A","2002",16558560,
"ROU","AQUAPROD","TOT","USD","A","2003",16239720,
"ROU","AQUAPROD","TOT","USD","A","2004",14870580,
"ROU","AQUAPROD","TOT","USD","A","2005",16175940,
"ROU","AQUAPROD","TOT","USD","A","2006",11645280,
"ROU","AQUAPROD","TOT","USD","A","2007",22053863,
"ROU","AQUAPROD","TOT","USD","A","2008",26816130,
"ROU","AQUAPROD","TOT","USD","A","2009",23684617,
"ROU","AQUAPROD","TOT","USD","A","2010",26269170,
"ROU","AQUAPROD","TOT","USD","A","2011",22095284,
"ROU","AQUAPROD","TOT","USD","A","2012",23315449,
"ROU","AQUAPROD","TOT","USD","A","2013",27418641,
"ROU","AQUAPROD","TOT","USD","A","2014",25506760,
"ROU","AQUAPROD","TOT","USD","A","2015",24302816,
"ROU","AQUAPROD","TOT","USD","A","2016",30637343,
"ROU","AQUAPROD","TOT","USD","A","2017",37010770,
"ROU","AQUAPROD","TOT","USD","A","2018",36142151,
"ROU","AQUAPROD","TOT","USD","A","2019",35679586,
"ROU","AQUAPROD","TOT","USD","A","2020",44572733,"E"
"ROU","AQUAPROD","TOT","USD","A","2021",43319218,
